"","X","np_title","date","title","article_type","dish","url","ressource_id","text_path"
"1",0,"De Volkskrant",1971-09-10,"Advertentie","advertentie","['bami', 'nasi', 'goreng']","http://resolver.kb.nl/resolve?urn=ABCDDD:010848878:mpeg21:a0056","ddd:010848878:mpeg21:a0056","40/Resources71/ABCDDD/010848878/text/DDD_010848878_0056_text.xml"
"2",1,"De Volkskrant",1983-10-21,"Advertentie","advertentie","['bami', 'nasi', 'goreng']","http://resolver.kb.nl/resolve?urn=ABCDDD:010857128:mpeg21:a0034","ddd:010857128:mpeg21:a0034","40/Resources71/ABCDDD/010857128/text/DDD_010857128_0034_text.xml"
"3",2,"Trouw",1992-02-29,"Bami goreng","artikel","['bami', 'goreng']","http://resolver.kb.nl/resolve?urn=ABCDDD:010826332:mpeg21:a0802","ddd:010826332:mpeg21:a0802","40/Resources66/ABCDDD/010826332/text/DDD_010826332_0802_text.xml"
"4",3,"Het parool : -vrij, onverveerd-",1971-09-09,"Advertentie","advertentie","['bami', 'nasi', 'goreng']","http://resolver.kb.nl/resolve?urn=ABCDDD:010836203:mpeg21:a0066","ddd:010836203:mpeg21:a0066","40/Resources71/ABCDDD/010836203/text/DDD_010836203_0066_text.xml"
"5",4,"Het parool : -vrij, onverveerd-",1963-06-08,"Advertentie","advertentie","['bami', 'nasi', 'goreng']","http://resolver.kb.nl/resolve?urn=ABCDDD:010837646:mpeg21:a0063","ddd:010837646:mpeg21:a0063","40/Resources71/ABCDDD/010837646/text/DDD_010837646_0063_text.xml"
"6",5,"De Volkskrant",1966-04-26,"Advertentie","advertentie","['bami', 'goreng']","http://resolver.kb.nl/resolve?urn=ABCDDD:010878034:mpeg21:a0004","ddd:010878034:mpeg21:a0004","40/Resources71/ABCDDD/010878034/text/DDD_010878034_0004_text.xml"
"7",6,"Het parool : -vrij, onverveerd-",1966-06-17,"Advertentie","advertentie","['nasi', 'goreng']","http://resolver.kb.nl/resolve?urn=ABCDDD:010835893:mpeg21:a0007","ddd:010835893:mpeg21:a0007","40/Resources71/ABCDDD/010835893/text/DDD_010835893_0007_text.xml"
"8",7,"Het parool : -vrij, onverveerd-",1966-05-10,"Advertentie","advertentie","['bami', 'goreng']","http://resolver.kb.nl/resolve?urn=ABCDDD:010835912:mpeg21:a0007","ddd:010835912:mpeg21:a0007","40/Resources71/ABCDDD/010835912/text/DDD_010835912_0007_text.xml"
"9",8,"De Volkskrant",1966-06-14,"Advertentie","advertentie","['bami', 'goreng']","http://resolver.kb.nl/resolve?urn=ABCDDD:010877872:mpeg21:a0007","ddd:010877872:mpeg21:a0007","40/Resources71/ABCDDD/010877872/text/DDD_010877872_0007_text.xml"
"10",9,"De Volkskrant",1966-09-06,"Advertentie","advertentie","['bami', 'goreng']","http://resolver.kb.nl/resolve?urn=ABCDDD:010877736:mpeg21:a0014","ddd:010877736:mpeg21:a0014","40/Resources71/ABCDDD/010877736/text/DDD_010877736_0014_text.xml"
"11",10,"Trouw",1966-10-25,"Advertentie","advertentie","['bami', 'goreng']","http://resolver.kb.nl/resolve?urn=ABCDDD:010815374:mpeg21:a0009","ddd:010815374:mpeg21:a0009","40/Resources66/ABCDDD/010815374/text/DDD_010815374_0009_text.xml"
"12",11,"Trouw",1966-10-18,"Advertentie","advertentie","['bami', 'goreng']","http://resolver.kb.nl/resolve?urn=ABCDDD:010815368:mpeg21:a0007","ddd:010815368:mpeg21:a0007","40/Resources66/ABCDDD/010815368/text/DDD_010815368_0007_text.xml"
"13",12,"Trouw",1966-06-07,"Advertentie","advertentie","['bami', 'goreng']","http://resolver.kb.nl/resolve?urn=ABCDDD:010815062:mpeg21:a0008","ddd:010815062:mpeg21:a0008","40/Resources66/ABCDDD/010815062/text/DDD_010815062_0008_text.xml"
"14",13,"Trouw",1966-05-17,"Advertentie","advertentie","['bami', 'goreng']","http://resolver.kb.nl/resolve?urn=ABCDDD:010815077:mpeg21:a0007","ddd:010815077:mpeg21:a0007","40/Resources66/ABCDDD/010815077/text/DDD_010815077_0007_text.xml"
"15",14,"Het parool : -vrij, onverveerd-",1966-05-17,"Advertentie","advertentie","['bami', 'goreng']","http://resolver.kb.nl/resolve?urn=ABCDDD:010835918:mpeg21:a0005","ddd:010835918:mpeg21:a0005","40/Resources71/ABCDDD/010835918/text/DDD_010835918_0005_text.xml"
"16",15,"Het parool : -vrij, onverveerd-",1966-07-05,"Advertentie","advertentie","['bami', 'goreng']","http://resolver.kb.nl/resolve?urn=ABCDDD:010835832:mpeg21:a0006","ddd:010835832:mpeg21:a0006","40/Resources71/ABCDDD/010835832/text/DDD_010835832_0006_text.xml"
"17",16,"Het parool : -vrij, onverveerd-",1966-07-05,"Advertentie","advertentie","['bami', 'nasi', 'goreng']","http://resolver.kb.nl/resolve?urn=ABCDDD:010835832:mpeg21:a0068","ddd:010835832:mpeg21:a0068","40/Resources71/ABCDDD/010835832/text/DDD_010835832_0068_text.xml"
"18",17,"Het parool : -vrij, onverveerd-",1966-06-14,"Advertentie","advertentie","['bami', 'goreng']","http://resolver.kb.nl/resolve?urn=ABCDDD:010835890:mpeg21:a0007","ddd:010835890:mpeg21:a0007","40/Resources71/ABCDDD/010835890/text/DDD_010835890_0007_text.xml"
"19",18,"Het parool : -vrij, onverveerd-",1966-10-18,"Advertentie","advertentie","['bami', 'goreng']","http://resolver.kb.nl/resolve?urn=ABCDDD:010835764:mpeg21:a0008","ddd:010835764:mpeg21:a0008","40/Resources71/ABCDDD/010835764/text/DDD_010835764_0008_text.xml"
"20",19,"De Volkskrant",1966-06-28,"Advertentie","advertentie","['bami', 'goreng']","http://resolver.kb.nl/resolve?urn=ABCDDD:010877884:mpeg21:a0013","ddd:010877884:mpeg21:a0013","40/Resources71/ABCDDD/010877884/text/DDD_010877884_0013_text.xml"
"21",20,"Trouw",1966-07-05,"Advertentie","advertentie","['bami', 'goreng']","http://resolver.kb.nl/resolve?urn=ABCDDD:010814869:mpeg21:a0004","ddd:010814869:mpeg21:a0004","40/Resources66/ABCDDD/010814869/text/DDD_010814869_0004_text.xml"
"22",21,"Trouw",1966-05-24,"Advertentie","advertentie","['bami', 'goreng']","http://resolver.kb.nl/resolve?urn=ABCDDD:010815051:mpeg21:a0009","ddd:010815051:mpeg21:a0009","40/Resources66/ABCDDD/010815051/text/DDD_010815051_0009_text.xml"
"23",22,"Het parool : -vrij, onverveerd-",1966-05-31,"Advertentie","advertentie","['bami', 'goreng']","http://resolver.kb.nl/resolve?urn=ABCDDD:010835928:mpeg21:a0012","ddd:010835928:mpeg21:a0012","40/Resources71/ABCDDD/010835928/text/DDD_010835928_0012_text.xml"
"24",23,"Het parool : -vrij, onverveerd-",1966-05-31,"Advertentie","advertentie","['bami', 'nasi', 'goreng']","http://resolver.kb.nl/resolve?urn=ABCDDD:010835928:mpeg21:a0059","ddd:010835928:mpeg21:a0059","40/Resources71/ABCDDD/010835928/text/DDD_010835928_0059_text.xml"
"25",24,"Het parool : -vrij, onverveerd-",1966-10-25,"Advertentie","advertentie","['bami', 'goreng']","http://resolver.kb.nl/resolve?urn=ABCDDD:010835770:mpeg21:a0014","ddd:010835770:mpeg21:a0014","40/Resources71/ABCDDD/010835770/text/DDD_010835770_0014_text.xml"
"26",25,"Het parool : -vrij, onverveerd-",1964-02-26,"Advertentie","advertentie","['bami', 'nasi', 'goreng']","http://resolver.kb.nl/resolve?urn=ABCDDD:010836738:mpeg21:a0039","ddd:010836738:mpeg21:a0039","40/Resources71/ABCDDD/010836738/text/DDD_010836738_0039_text.xml"
"27",26,"Het parool : -vrij, onverveerd-",1964-02-26,"„UW CAFÉ WAS BROEINEST”","artikel","['bami']","http://resolver.kb.nl/resolve?urn=ABCDDD:010836738:mpeg21:a0216","ddd:010836738:mpeg21:a0216","40/Resources71/ABCDDD/010836738/text/DDD_010836738_0216_text.xml"
"28",27,"De Volkskrant",1966-07-05,"Advertentie","advertentie","['bami', 'goreng']","http://resolver.kb.nl/resolve?urn=ABCDDD:010877787:mpeg21:a0018","ddd:010877787:mpeg21:a0018","40/Resources71/ABCDDD/010877787/text/DDD_010877787_0018_text.xml"
"29",28,"De Volkskrant",1966-06-21,"Advertentie","advertentie","['bami', 'goreng']","http://resolver.kb.nl/resolve?urn=ABCDDD:010877878:mpeg21:a0016","ddd:010877878:mpeg21:a0016","40/Resources71/ABCDDD/010877878/text/DDD_010877878_0016_text.xml"
"30",29,"Trouw",1989-05-11,"Advertentie","advertentie","['bami', 'nasi', 'goreng']","http://resolver.kb.nl/resolve?urn=ABCDDD:010827880:mpeg21:a0099","ddd:010827880:mpeg21:a0099","40/Resources66/ABCDDD/010827880/text/DDD_010827880_0099_text.xml"
"31",30,"Trouw",1989-04-27,"Advertentie","advertentie","['bami', 'nasi', 'goreng']","http://resolver.kb.nl/resolve?urn=ABCDDD:010827508:mpeg21:a0117","ddd:010827508:mpeg21:a0117","40/Resources66/ABCDDD/010827508/text/DDD_010827508_0117_text.xml"
"32",31,"Trouw",1964-04-08,"Advertentie","advertentie","['bami', 'goreng']","http://resolver.kb.nl/resolve?urn=ABCDDD:010815694:mpeg21:a0058","ddd:010815694:mpeg21:a0058","40/Resources66/ABCDDD/010815694/text/DDD_010815694_0058_text.xml"
"33",32,"Het parool : -vrij, onverveerd-",1966-06-21,"Advertentie","advertentie","['bami', 'goreng']","http://resolver.kb.nl/resolve?urn=ABCDDD:010835896:mpeg21:a0006","ddd:010835896:mpeg21:a0006","40/Resources71/ABCDDD/010835896/text/DDD_010835896_0006_text.xml"
"34",33,"De Volkskrant",1966-06-07,"Advertentie","advertentie","['bami', 'goreng']","http://resolver.kb.nl/resolve?urn=ABCDDD:010877866:mpeg21:a0016","ddd:010877866:mpeg21:a0016","40/Resources71/ABCDDD/010877866/text/DDD_010877866_0016_text.xml"
"35",34,"Het parool : -vrij, onverveerd-",1966-05-24,"Advertentie","advertentie","['bami', 'goreng']","http://resolver.kb.nl/resolve?urn=ABCDDD:010835923:mpeg21:a0005","ddd:010835923:mpeg21:a0005","40/Resources71/ABCDDD/010835923/text/DDD_010835923_0005_text.xml"
"36",35,"De Volkskrant",1965-12-20,"Advertentie","advertentie","['bami', 'goreng']","http://resolver.kb.nl/resolve?urn=ABCDDD:010878080:mpeg21:a0045","ddd:010878080:mpeg21:a0045","40/Resources71/ABCDDD/010878080/text/DDD_010878080_0045_text.xml"
"37",36,"Trouw",1968-10-29,"Advertentie","advertentie","['bami', 'goreng', 'nassi']","http://resolver.kb.nl/resolve?urn=ABCDDD:010815149:mpeg21:a0074","ddd:010815149:mpeg21:a0074","40/Resources66/ABCDDD/010815149/text/DDD_010815149_0074_text.xml"
"38",37,"Trouw",1963-03-15,"Advertentie","advertentie","['bami', 'nasi', 'goreng']","http://resolver.kb.nl/resolve?urn=ABCDDD:010816965:mpeg21:a0043","ddd:010816965:mpeg21:a0043","40/Resources66/ABCDDD/010816965/text/DDD_010816965_0043_text.xml"
"39",38,"Het parool : -vrij, onverveerd-",1963-03-15,"Advertentie","advertentie","['bami', 'nasi', 'goreng']","http://resolver.kb.nl/resolve?urn=ABCDDD:010837935:mpeg21:a0126","ddd:010837935:mpeg21:a0126","40/Resources71/ABCDDD/010837935/text/DDD_010837935_0126_text.xml"
"40",39,"De Volkskrant",1964-12-22,"Advertentie","advertentie","['nasi']","http://resolver.kb.nl/resolve?urn=ABCDDD:010878334:mpeg21:a0036","ddd:010878334:mpeg21:a0036","40/Resources71/ABCDDD/010878334/text/DDD_010878334_0036_text.xml"
"41",40,"De Volkskrant",1964-12-22,"Advertentie","advertentie","['bami', 'goreng']","http://resolver.kb.nl/resolve?urn=ABCDDD:010878334:mpeg21:a0041","ddd:010878334:mpeg21:a0041","40/Resources71/ABCDDD/010878334/text/DDD_010878334_0041_text.xml"
"42",41,"De Volkskrant",1963-04-19,"Advertentie","advertentie","['bami', 'nasi', 'goreng']","http://resolver.kb.nl/resolve?urn=ABCDDD:010876302:mpeg21:a0022","ddd:010876302:mpeg21:a0022","40/Resources71/ABCDDD/010876302/text/DDD_010876302_0022_text.xml"
"43",42,"De Volkskrant",1963-03-15,"Advertentie","advertentie","['bami', 'nasi', 'goreng']","http://resolver.kb.nl/resolve?urn=ABCDDD:010876273:mpeg21:a0018","ddd:010876273:mpeg21:a0018","40/Resources71/ABCDDD/010876273/text/DDD_010876273_0018_text.xml"
"44",43,"Trouw",1968-02-24,"Advertentie","advertentie","['bami', 'goreng']","http://resolver.kb.nl/resolve?urn=ABCDDD:010814280:mpeg21:a0048","ddd:010814280:mpeg21:a0048","40/Resources66/ABCDDD/010814280/text/DDD_010814280_0048_text.xml"
"45",44,"Trouw",1968-02-24,"Advertentie","advertentie","['nasi']","http://resolver.kb.nl/resolve?urn=ABCDDD:010814280:mpeg21:a0189","ddd:010814280:mpeg21:a0189","40/Resources66/ABCDDD/010814280/text/DDD_010814280_0189_text.xml"
"46",45,"Trouw",1963-04-19,"Advertentie","advertentie","['bami', 'nasi', 'goreng']","http://resolver.kb.nl/resolve?urn=ABCDDD:010816379:mpeg21:a0064","ddd:010816379:mpeg21:a0064","40/Resources66/ABCDDD/010816379/text/DDD_010816379_0064_text.xml"
"47",46,"Trouw",1966-09-14,"Advertentie","advertentie","['bami', 'nasi', 'goreng']","http://resolver.kb.nl/resolve?urn=ABCDDD:010815339:mpeg21:a0067","ddd:010815339:mpeg21:a0067","40/Resources66/ABCDDD/010815339/text/DDD_010815339_0067_text.xml"
"48",47,"Het parool : -vrij, onverveerd-",1972-06-08,"Advertentie","advertentie","['bami', 'goreng']","http://resolver.kb.nl/resolve?urn=ABCDDD:010837199:mpeg21:a0028","ddd:010837199:mpeg21:a0028","40/Resources71/ABCDDD/010837199/text/DDD_010837199_0028_text.xml"
"49",48,"Het parool : -vrij, onverveerd-",1963-04-19,"Advertentie","advertentie","['bami', 'nasi', 'goreng']","http://resolver.kb.nl/resolve?urn=ABCDDD:010837913:mpeg21:a0090","ddd:010837913:mpeg21:a0090","40/Resources71/ABCDDD/010837913/text/DDD_010837913_0090_text.xml"
"50",49,"De Volkskrant",1955-10-20,"Advertentie","advertentie","['bami', 'goreng']","http://resolver.kb.nl/resolve?urn=ABCDDD:010842719:mpeg21:a0067","ddd:010842719:mpeg21:a0067","40/Resources72/ABCDDD/010842719/text/DDD_010842719_0067_text.xml"
"51",50,"Trouw",1967-11-17,"Advertentie","advertentie","['bami', 'nasi', 'goreng']","http://resolver.kb.nl/resolve?urn=ABCDDD:010814385:mpeg21:a0043","ddd:010814385:mpeg21:a0043","40/Resources66/ABCDDD/010814385/text/DDD_010814385_0043_text.xml"
"52",51,"Trouw",1966-10-07,"Advertentie","advertentie","['bami', 'nasi', 'goreng']","http://resolver.kb.nl/resolve?urn=ABCDDD:010815359:mpeg21:a0070","ddd:010815359:mpeg21:a0070","40/Resources66/ABCDDD/010815359/text/DDD_010815359_0070_text.xml"
"53",52,"Trouw",1967-11-14,"Advertentie","advertentie","['bami', 'goreng']","http://resolver.kb.nl/resolve?urn=ABCDDD:010814382:mpeg21:a0069","ddd:010814382:mpeg21:a0069","40/Resources66/ABCDDD/010814382/text/DDD_010814382_0069_text.xml"
"54",53,"Trouw",1966-09-27,"Advertentie","advertentie","['bami', 'nasi', 'goreng']","http://resolver.kb.nl/resolve?urn=ABCDDD:010815350:mpeg21:a0068","ddd:010815350:mpeg21:a0068","40/Resources66/ABCDDD/010815350/text/DDD_010815350_0068_text.xml"
"55",54,"Trouw",1983-10-21,"Advertentie","advertentie","['bami', 'nasi', 'goreng']","http://resolver.kb.nl/resolve?urn=ABCDDD:010820671:mpeg21:a0070","ddd:010820671:mpeg21:a0070","40/Resources66/ABCDDD/010820671/text/DDD_010820671_0070_text.xml"
"56",55,"Het parool : -vrij, onverveerd-",1995-08-09,"Advertentie","advertentie","['bami', 'goreng']","http://resolver.kb.nl/resolve?urn=ABCDDD:010842016:mpeg21:a0090","ddd:010842016:mpeg21:a0090","40/Resources71/ABCDDD/010842016/text/DDD_010842016_0090_text.xml"
"57",56,"Het parool : -vrij, onverveerd-",1955-10-18,"Advertentie","advertentie","['goreng']","http://resolver.kb.nl/resolve?urn=ABCDDD:010829987:mpeg21:a0081","ddd:010829987:mpeg21:a0081","40/Resources66/ABCDDD/010829987/text/DDD_010829987_0081_text.xml"
"58",57,"NRC Handelsblad",1983-10-21,"Advertentie","advertentie","['bami', 'nasi', 'goreng']","http://resolver.kb.nl/resolve?urn=KBNRC01:000027879:mpeg21:a0221","KBNRC01:000027879:mpeg21:a0221","40/Resources65/KBNRC01/000027879/text/KBNRC01_000027879_0221_text.xml"
"59",58,"De Volkskrant",1950-02-07,"Advertentie","advertentie","['bami', 'goreng']","http://resolver.kb.nl/resolve?urn=ABCDDD:010844269:mpeg21:a0017","ddd:010844269:mpeg21:a0017","40/Resources71/ABCDDD/010844269/text/DDD_010844269_0017_text.xml"
"60",59,"Trouw",1961-01-13,"Favorieten","artikel","['nassi']","http://resolver.kb.nl/resolve?urn=ABCDDD:010814121:mpeg21:a0026","ddd:010814121:mpeg21:a0026","40/Resources66/ABCDDD/010814121/text/DDD_010814121_0026_text.xml"
"61",60,"Trouw",1966-08-18,"Advertentie","advertentie","['bami', 'nasi', 'goreng']","http://resolver.kb.nl/resolve?urn=ABCDDD:010814907:mpeg21:a0019","ddd:010814907:mpeg21:a0019","40/Resources66/ABCDDD/010814907/text/DDD_010814907_0019_text.xml"
"62",61,"Trouw",1966-08-18,"Advertentie","advertentie","['nasi']","http://resolver.kb.nl/resolve?urn=ABCDDD:010814907:mpeg21:a0052","ddd:010814907:mpeg21:a0052","40/Resources66/ABCDDD/010814907/text/DDD_010814907_0052_text.xml"
"63",62,"Trouw",1966-10-28,"Advertentie","advertentie","['nasi', 'goreng']","http://resolver.kb.nl/resolve?urn=ABCDDD:010815377:mpeg21:a0007","ddd:010815377:mpeg21:a0007","40/Resources66/ABCDDD/010815377/text/DDD_010815377_0007_text.xml"
"64",63,"Trouw",1966-10-28,"Advertentie","advertentie","['bami', 'nasi', 'goreng']","http://resolver.kb.nl/resolve?urn=ABCDDD:010815377:mpeg21:a0060","ddd:010815377:mpeg21:a0060","40/Resources66/ABCDDD/010815377/text/DDD_010815377_0060_text.xml"
"65",64,"Trouw",1967-04-12,"Advertentie","advertentie","['bami', 'nasi', 'goreng']","http://resolver.kb.nl/resolve?urn=ABCDDD:010814792:mpeg21:a0042","ddd:010814792:mpeg21:a0042","40/Resources66/ABCDDD/010814792/text/DDD_010814792_0042_text.xml"
"66",65,"Trouw",1966-09-29,"Advertentie","advertentie","['bami', 'nasi', 'goreng']","http://resolver.kb.nl/resolve?urn=ABCDDD:010815352:mpeg21:a0059","ddd:010815352:mpeg21:a0059","40/Resources66/ABCDDD/010815352/text/DDD_010815352_0059_text.xml"
"67",66,"Trouw",1966-09-29,"Advertentie","advertentie","['nasi', 'goreng']","http://resolver.kb.nl/resolve?urn=ABCDDD:010815352:mpeg21:a0091","ddd:010815352:mpeg21:a0091","40/Resources66/ABCDDD/010815352/text/DDD_010815352_0091_text.xml"
"68",67,"Trouw",1995-08-10,"Advertentie","advertentie","['bami', 'goreng']","http://resolver.kb.nl/resolve?urn=ABCDDD:010822545:mpeg21:a0072","ddd:010822545:mpeg21:a0072","40/Resources66/ABCDDD/010822545/text/DDD_010822545_0072_text.xml"
"69",68,"Trouw",1966-09-06,"Advertentie","advertentie","['goreng']","http://resolver.kb.nl/resolve?urn=ABCDDD:010815332:mpeg21:a0006","ddd:010815332:mpeg21:a0006","40/Resources66/ABCDDD/010815332/text/DDD_010815332_0006_text.xml"
"70",69,"Trouw",1966-09-06,"Advertentie","advertentie","['bami', 'nasi', 'goreng']","http://resolver.kb.nl/resolve?urn=ABCDDD:010815332:mpeg21:a0043","ddd:010815332:mpeg21:a0043","40/Resources66/ABCDDD/010815332/text/DDD_010815332_0043_text.xml"
"71",70,"Het parool : -vrij, onverveerd-",1975-03-17,"Advertentie","advertentie","['bami', 'nasi', 'goreng']","http://resolver.kb.nl/resolve?urn=ABCDDD:010839895:mpeg21:a0036","ddd:010839895:mpeg21:a0036","40/Resources72/ABCDDD/010839895/text/DDD_010839895_0036_text.xml"
"72",71,"Het parool : -vrij, onverveerd-",1979-05-26,"EFFECTENBEURS","artikel","['bami']","http://resolver.kb.nl/resolve?urn=ABCDDD:010840672:mpeg21:a0270","ddd:010840672:mpeg21:a0270","40/Resources71/ABCDDD/010840672/text/DDD_010840672_0270_text.xml"
"73",72,"Het parool : -vrij, onverveerd-",1979-05-26,"Pisang en patat-mét oncurrentieslag woedt hevig de diverse Pasar Malams","artikel","['goreng']","http://resolver.kb.nl/resolve?urn=ABCDDD:010840672:mpeg21:a0355","ddd:010840672:mpeg21:a0355","40/Resources71/ABCDDD/010840672/text/DDD_010840672_0355_text.xml"
"74",73,"Het parool : -vrij, onverveerd-",1979-05-26,"De bekendheid van de","artikel","['bami', 'goreng']","http://resolver.kb.nl/resolve?urn=ABCDDD:010840672:mpeg21:a0358","ddd:010840672:mpeg21:a0358","40/Resources71/ABCDDD/010840672/text/DDD_010840672_0358_text.xml"
"75",74,"Het parool : -vrij, onverveerd-",1952-12-23,"Advertentie","advertentie","['bami']","http://resolver.kb.nl/resolve?urn=ABCDDD:010829483:mpeg21:a0015","ddd:010829483:mpeg21:a0015","40/Resources71/ABCDDD/010829483/text/DDD_010829483_0015_text.xml"
"76",75,"Het parool : -vrij, onverveerd-",1952-12-23,"Advertentie","advertentie","['bami', 'goreng']","http://resolver.kb.nl/resolve?urn=ABCDDD:010829483:mpeg21:a0022","ddd:010829483:mpeg21:a0022","40/Resources71/ABCDDD/010829483/text/DDD_010829483_0022_text.xml"
"77",76,"Trouw",1989-05-05,"Advertentie","advertentie","['bami', 'nasi', 'goreng']","http://resolver.kb.nl/resolve?urn=ABCDDD:010827875:mpeg21:a0107","ddd:010827875:mpeg21:a0107","40/Resources66/ABCDDD/010827875/text/DDD_010827875_0107_text.xml"
"78",77,"De Volkskrant",1977-09-08,"Advertentie","advertentie","['bami', 'nasi', 'goreng']","http://resolver.kb.nl/resolve?urn=ABCDDD:010881604:mpeg21:a0064","ddd:010881604:mpeg21:a0064","40/Resources71/ABCDDD/010881604/text/DDD_010881604_0064_text.xml"
"79",78,"De Volkskrant",1976-01-08,"Advertentie","advertentie","['bami', 'goreng']","http://resolver.kb.nl/resolve?urn=ABCDDD:010880834:mpeg21:a0032","ddd:010880834:mpeg21:a0032","40/Resources71/ABCDDD/010880834/text/DDD_010880834_0032_text.xml"
"80",79,"De Volkskrant",1953-06-10,"Advertentie","advertentie","['bami', 'goreng']","http://resolver.kb.nl/resolve?urn=ABCDDD:010844226:mpeg21:a0045","ddd:010844226:mpeg21:a0045","40/Resources71/ABCDDD/010844226/text/DDD_010844226_0045_text.xml"
"81",80,"De Volkskrant",1953-05-28,"Advertentie","advertentie","['bami', 'goreng']","http://resolver.kb.nl/resolve?urn=ABCDDD:010844215:mpeg21:a0068","ddd:010844215:mpeg21:a0068","40/Resources71/ABCDDD/010844215/text/DDD_010844215_0068_text.xml"
"82",81,"De Volkskrant",1971-01-06,"Lupack conserven in Britse handen","artikel","['bami', 'nasi', 'goreng']","http://resolver.kb.nl/resolve?urn=ABCDDD:010848620:mpeg21:a0082","ddd:010848620:mpeg21:a0082","40/Resources71/ABCDDD/010848620/text/DDD_010848620_0082_text.xml"
"83",82,"De Volkskrant",1992-01-02,"Advertentie","advertentie","['bami', 'nasi', 'goreng']","http://resolver.kb.nl/resolve?urn=ABCDDD:010866997:mpeg21:a0013","ddd:010866997:mpeg21:a0013","40/Resources71/ABCDDD/010866997/text/DDD_010866997_0013_text.xml"
"84",83,"De Volkskrant",1976-09-16,"Advertentie","advertentie","['bami', 'goreng']","http://resolver.kb.nl/resolve?urn=ABCDDD:010881122:mpeg21:a0051","ddd:010881122:mpeg21:a0051","40/Resources71/ABCDDD/010881122/text/DDD_010881122_0051_text.xml"
"85",84,"De Volkskrant",1963-03-28,"Advertentie","advertentie","['bami', 'nasi', 'goreng']","http://resolver.kb.nl/resolve?urn=ABCDDD:010876284:mpeg21:a0013","ddd:010876284:mpeg21:a0013","40/Resources71/ABCDDD/010876284/text/DDD_010876284_0013_text.xml"
"86",85,"De Volkskrant",1952-12-23,"Advertentie","advertentie","['bami', 'goreng']","http://resolver.kb.nl/resolve?urn=ABCDDD:010845410:mpeg21:a0108","ddd:010845410:mpeg21:a0108","40/Resources71/ABCDDD/010845410/text/DDD_010845410_0108_text.xml"
"87",86,"Trouw",1966-01-26,"Advertentie","advertentie","['bami', 'nasi', 'goreng']","http://resolver.kb.nl/resolve?urn=ABCDDD:010814205:mpeg21:a0072","ddd:010814205:mpeg21:a0072","40/Resources66/ABCDDD/010814205/text/DDD_010814205_0072_text.xml"
"88",87,"Trouw",1966-12-20,"Advertentie","advertentie","['bami', 'nasi', 'goreng']","http://resolver.kb.nl/resolve?urn=ABCDDD:010815244:mpeg21:a0051","ddd:010815244:mpeg21:a0051","40/Resources66/ABCDDD/010815244/text/DDD_010815244_0051_text.xml"
"89",88,"Trouw",1967-04-27,"Advertentie","advertentie","['bami', 'nasi', 'goreng']","http://resolver.kb.nl/resolve?urn=ABCDDD:010814805:mpeg21:a0068","ddd:010814805:mpeg21:a0068","40/Resources66/ABCDDD/010814805/text/DDD_010814805_0068_text.xml"
"90",89,"Trouw",1951-02-01,"Advertentie","advertentie","['bami', 'goreng', 'nassi']","http://resolver.kb.nl/resolve?urn=ABCDDD:010824224:mpeg21:a0046","ddd:010824224:mpeg21:a0046","40/Resources71/ABCDDD/010824224/text/DDD_010824224_0046_text.xml"
"91",90,"Trouw",1966-10-19,"Advertentie","advertentie","['bami', 'nasi', 'goreng']","http://resolver.kb.nl/resolve?urn=ABCDDD:010815369:mpeg21:a0080","ddd:010815369:mpeg21:a0080","40/Resources66/ABCDDD/010815369/text/DDD_010815369_0080_text.xml"
"92",91,"Trouw",1966-10-19,"Advertentie","advertentie","['bami', 'nasi', 'goreng']","http://resolver.kb.nl/resolve?urn=ABCDDD:010815369:mpeg21:a0096","ddd:010815369:mpeg21:a0096","40/Resources66/ABCDDD/010815369/text/DDD_010815369_0096_text.xml"
"93",92,"Trouw",1967-05-09,"Advertentie","advertentie","['bami', 'nasi', 'goreng']","http://resolver.kb.nl/resolve?urn=ABCDDD:010814539:mpeg21:a0063","ddd:010814539:mpeg21:a0063","40/Resources66/ABCDDD/010814539/text/DDD_010814539_0063_text.xml"
"94",93,"Trouw",1976-01-08,"Advertentie","advertentie","['bami', 'goreng']","http://resolver.kb.nl/resolve?urn=ABCDDD:010822112:mpeg21:a0025","ddd:010822112:mpeg21:a0025","40/Resources66/ABCDDD/010822112/text/DDD_010822112_0025_text.xml"
"95",94,"Het parool : -vrij, onverveerd-",1954-06-05,"Advertentie","advertentie","['bami', 'nasi', 'goreng']","http://resolver.kb.nl/resolve?urn=ABCDDD:010834859:mpeg21:a0063","ddd:010834859:mpeg21:a0063","40/Resources71/ABCDDD/010834859/text/DDD_010834859_0063_text.xml"
"96",95,"Het parool : -vrij, onverveerd-",1954-06-05,"Advertentie","advertentie","['bami', 'goreng', 'nassi']","http://resolver.kb.nl/resolve?urn=ABCDDD:010834859:mpeg21:a0086","ddd:010834859:mpeg21:a0086","40/Resources71/ABCDDD/010834859/text/DDD_010834859_0086_text.xml"
"97",96,"Het parool : -vrij, onverveerd-",1963-03-28,"Advertentie","advertentie","['bami', 'nasi', 'goreng']","http://resolver.kb.nl/resolve?urn=ABCDDD:010837896:mpeg21:a0015","ddd:010837896:mpeg21:a0015","40/Resources71/ABCDDD/010837896/text/DDD_010837896_0015_text.xml"
"98",97,"Het parool : -vrij, onverveerd-",1957-12-31,"Advertentie","advertentie","['bami', 'goreng', 'nassi']","http://resolver.kb.nl/resolve?urn=ABCDDD:010840497:mpeg21:a0074","ddd:010840497:mpeg21:a0074","40/Resources71/ABCDDD/010840497/text/DDD_010840497_0074_text.xml"
"99",98,"Het parool : -vrij, onverveerd-",1972-07-20,"Advertentie","advertentie","['bami', 'goreng']","http://resolver.kb.nl/resolve?urn=ABCDDD:010834254:mpeg21:a0014","ddd:010834254:mpeg21:a0014","40/Resources71/ABCDDD/010834254/text/DDD_010834254_0014_text.xml"
"100",99,"Het parool : -vrij, onverveerd-",1972-07-27,"Advertentie","advertentie","['bami', 'nasi', 'goreng']","http://resolver.kb.nl/resolve?urn=ABCDDD:010834260:mpeg21:a0142","ddd:010834260:mpeg21:a0142","40/Resources71/ABCDDD/010834260/text/DDD_010834260_0142_text.xml"
"101",100,"Het parool : -vrij, onverveerd-",1968-02-15,"Advertentie","advertentie","['bami', 'goreng']","http://resolver.kb.nl/resolve?urn=ABCDDD:010833918:mpeg21:a0042","ddd:010833918:mpeg21:a0042","40/Resources66/ABCDDD/010833918/text/DDD_010833918_0042_text.xml"
"102",101,"Het parool : -vrij, onverveerd-",1968-02-15,"Advertentie","advertentie","['bami', 'nasi']","http://resolver.kb.nl/resolve?urn=ABCDDD:010833918:mpeg21:a0100","ddd:010833918:mpeg21:a0100","40/Resources66/ABCDDD/010833918/text/DDD_010833918_0100_text.xml"
"103",102,"Het parool : -vrij, onverveerd-",1960-04-02,"Advertentie","advertentie","['bami', 'nasi', 'goreng']","http://resolver.kb.nl/resolve?urn=ABCDDD:010838409:mpeg21:a0005","ddd:010838409:mpeg21:a0005","40/Resources71/ABCDDD/010838409/text/DDD_010838409_0005_text.xml"
"104",103,"Het parool : -vrij, onverveerd-",1950-05-09,"Advertentie","advertentie","['bami', 'goreng']","http://resolver.kb.nl/resolve?urn=ABCDDD:010829322:mpeg21:a0029","ddd:010829322:mpeg21:a0029","40/Resources66/ABCDDD/010829322/text/DDD_010829322_0029_text.xml"
"105",104,"Het parool : -vrij, onverveerd-",1965-06-16,"Advertentie","advertentie","['bami', 'nasi', 'goreng']","http://resolver.kb.nl/resolve?urn=ABCDDD:010834096:mpeg21:a0100","ddd:010834096:mpeg21:a0100","40/Resources66/ABCDDD/010834096/text/DDD_010834096_0100_text.xml"
"106",105,"NRC Handelsblad",1971-07-06,"Advertentie","advertentie","['bami', 'nasi', 'goreng']","http://resolver.kb.nl/resolve?urn=KBNRC01:000031643:mpeg21:a0188","KBNRC01:000031643:mpeg21:a0188","40/Resources65/KBNRC01/000031643/text/KBNRC01_000031643_0188_text.xml"
"107",106,"NRC Handelsblad",1971-07-06,"Advertentie","advertentie","['bami', 'nasi', 'goreng']","http://resolver.kb.nl/resolve?urn=KBNRC01:000031643:mpeg21:a0191","KBNRC01:000031643:mpeg21:a0191","40/Resources65/KBNRC01/000031643/text/KBNRC01_000031643_0191_text.xml"
"108",107,"NRC Handelsblad",1992-06-22,"Advertentie","advertentie","['bami', 'nasi', 'goreng']","http://resolver.kb.nl/resolve?urn=KBNRC01:000035016:mpeg21:a0055","KBNRC01:000035016:mpeg21:a0055","40/Resources65/KBNRC01/000035016/text/KBNRC01_000035016_0055_text.xml"
"109",108,"NRC Handelsblad",1977-09-07,"Advertentie","advertentie","['bami', 'nasi', 'goreng']","http://resolver.kb.nl/resolve?urn=KBNRC01:000026080:mpeg21:a0160","KBNRC01:000026080:mpeg21:a0160","40/Resources65/KBNRC01/000026080/text/KBNRC01_000026080_0160_text.xml"
"110",109,"De Volkskrant",1960-12-23,"Advertentie","advertentie","['bami', 'nasi', 'goreng']","http://resolver.kb.nl/resolve?urn=ABCDDD:010877931:mpeg21:a0056","ddd:010877931:mpeg21:a0056","40/Resources71/ABCDDD/010877931/text/DDD_010877931_0056_text.xml"
"111",110,"De Volkskrant",1992-06-23,"Advertentie","advertentie","['bami', 'nasi', 'goreng']","http://resolver.kb.nl/resolve?urn=ABCDDD:010866914:mpeg21:a0010","ddd:010866914:mpeg21:a0010","40/Resources71/ABCDDD/010866914/text/DDD_010866914_0010_text.xml"
"112",111,"De Volkskrant",1964-01-16,"Advertentie","advertentie","['bami', 'goreng']","http://resolver.kb.nl/resolve?urn=ABCDDD:010876068:mpeg21:a0059","ddd:010876068:mpeg21:a0059","40/Resources71/ABCDDD/010876068/text/DDD_010876068_0059_text.xml"
"113",112,"De Volkskrant",1962-07-18,"Wat eten we","artikel","['bami', 'goreng']","http://resolver.kb.nl/resolve?urn=ABCDDD:010876604:mpeg21:a0144","ddd:010876604:mpeg21:a0144","40/Resources71/ABCDDD/010876604/text/DDD_010876604_0144_text.xml"
"114",113,"De Volkskrant",1976-12-23,"Bij de ,Chinees’ laat hygiëne veel te wensen","artikel","['bami', 'goreng']","http://resolver.kb.nl/resolve?urn=ABCDDD:010881205:mpeg21:a0210","ddd:010881205:mpeg21:a0210","40/Resources71/ABCDDD/010881205/text/DDD_010881205_0210_text.xml"
"115",114,"Trouw",1976-09-16,"Advertentie","advertentie","['bami', 'goreng']","http://resolver.kb.nl/resolve?urn=ABCDDD:010819131:mpeg21:a0036","ddd:010819131:mpeg21:a0036","40/Resources66/ABCDDD/010819131/text/DDD_010819131_0036_text.xml"
"116",115,"Trouw",1966-02-15,"Advertentie","advertentie","['bami', 'nasi', 'goreng']","http://resolver.kb.nl/resolve?urn=ABCDDD:010814222:mpeg21:a0024","ddd:010814222:mpeg21:a0024","40/Resources66/ABCDDD/010814222/text/DDD_010814222_0024_text.xml"
"117",116,"Trouw",1966-08-17,"Advertentie","advertentie","['bami', 'nasi', 'goreng']","http://resolver.kb.nl/resolve?urn=ABCDDD:010814906:mpeg21:a0030","ddd:010814906:mpeg21:a0030","40/Resources66/ABCDDD/010814906/text/DDD_010814906_0030_text.xml"
"118",117,"Trouw",1967-02-08,"Advertentie","advertentie","['bami', 'nasi', 'goreng']","http://resolver.kb.nl/resolve?urn=ABCDDD:010814516:mpeg21:a0044","ddd:010814516:mpeg21:a0044","40/Resources66/ABCDDD/010814516/text/DDD_010814516_0044_text.xml"
"119",118,"Trouw",1983-07-21,"Armoede","artikel","['bami', 'goreng']","http://resolver.kb.nl/resolve?urn=ABCDDD:010820722:mpeg21:a0232","ddd:010820722:mpeg21:a0232","40/Resources66/ABCDDD/010820722/text/DDD_010820722_0232_text.xml"
"120",119,"Trouw",1965-06-16,"Advertentie","advertentie","['bami', 'nasi', 'goreng']","http://resolver.kb.nl/resolve?urn=ABCDDD:010816234:mpeg21:a0025","ddd:010816234:mpeg21:a0025","40/Resources66/ABCDDD/010816234/text/DDD_010816234_0025_text.xml"
"121",120,"Trouw",1967-02-03,"Advertentie","advertentie","['bami', 'nasi', 'goreng']","http://resolver.kb.nl/resolve?urn=ABCDDD:010814512:mpeg21:a0091","ddd:010814512:mpeg21:a0091","40/Resources66/ABCDDD/010814512/text/DDD_010814512_0091_text.xml"
"122",121,"Trouw",1965-11-18,"Advertentie","advertentie","['bami', 'nasi', 'goreng']","http://resolver.kb.nl/resolve?urn=ABCDDD:010815500:mpeg21:a0100","ddd:010815500:mpeg21:a0100","40/Resources66/ABCDDD/010815500/text/DDD_010815500_0100_text.xml"
"123",122,"Trouw",1967-09-02,"Advertentie","advertentie","['bami', 'nasi', 'goreng']","http://resolver.kb.nl/resolve?urn=ABCDDD:010814815:mpeg21:a0055","ddd:010814815:mpeg21:a0055","40/Resources66/ABCDDD/010814815/text/DDD_010814815_0055_text.xml"
"124",123,"Trouw",1966-09-21,"Advertentie","advertentie","['bami', 'nasi', 'goreng']","http://resolver.kb.nl/resolve?urn=ABCDDD:010815345:mpeg21:a0049","ddd:010815345:mpeg21:a0049","40/Resources66/ABCDDD/010815345/text/DDD_010815345_0049_text.xml"
"125",124,"Het parool : -vrij, onverveerd-",1980-03-12,"gebreide kaart","artikel","['bami', 'goreng']","http://resolver.kb.nl/resolve?urn=ABCDDD:010847408:mpeg21:a0323","ddd:010847408:mpeg21:a0323","40/Resources72/ABCDDD/010847408/text/DDD_010847408_0323_text.xml"
"126",125,"Het parool : -vrij, onverveerd-",1973-04-11,"Advertentie","advertentie","['bami', 'nasi', 'goreng']","http://resolver.kb.nl/resolve?urn=ABCDDD:010839334:mpeg21:a0039","ddd:010839334:mpeg21:a0039","40/Resources71/ABCDDD/010839334/text/DDD_010839334_0039_text.xml"
"127",126,"Het parool : -vrij, onverveerd-",1970-05-08,"Advertentie","advertentie","['nasi', 'goreng']","http://resolver.kb.nl/resolve?urn=ABCDDD:010836475:mpeg21:a0186","ddd:010836475:mpeg21:a0186","40/Resources71/ABCDDD/010836475/text/DDD_010836475_0186_text.xml"
"128",127,"Het parool : -vrij, onverveerd-",1970-05-08,"Advertentie","advertentie","['bami', 'nasi', 'goreng']","http://resolver.kb.nl/resolve?urn=ABCDDD:010836475:mpeg21:a0199","ddd:010836475:mpeg21:a0199","40/Resources71/ABCDDD/010836475/text/DDD_010836475_0199_text.xml"
"129",128,"Het parool : -vrij, onverveerd-",1975-01-29,"Advertentie","advertentie","['bami']","http://resolver.kb.nl/resolve?urn=ABCDDD:010839918:mpeg21:a0149","ddd:010839918:mpeg21:a0149","40/Resources71/ABCDDD/010839918/text/DDD_010839918_0149_text.xml"
"130",129,"Het parool : -vrij, onverveerd-",1976-09-15,"Advertentie","advertentie","['bami', 'goreng']","http://resolver.kb.nl/resolve?urn=ABCDDD:010840179:mpeg21:a0129","ddd:010840179:mpeg21:a0129","40/Resources71/ABCDDD/010840179/text/DDD_010840179_0129_text.xml"
"131",130,"Het parool : -vrij, onverveerd-",1960-04-09,"Advertentie","advertentie","['bami', 'nasi', 'goreng']","http://resolver.kb.nl/resolve?urn=ABCDDD:010838415:mpeg21:a0002","ddd:010838415:mpeg21:a0002","40/Resources71/ABCDDD/010838415/text/DDD_010838415_0002_text.xml"
"132",131,"Het parool : -vrij, onverveerd-",1955-10-26,"Advertentie","advertentie","['goreng']","http://resolver.kb.nl/resolve?urn=ABCDDD:010829994:mpeg21:a0087","ddd:010829994:mpeg21:a0087","40/Resources66/ABCDDD/010829994/text/DDD_010829994_0087_text.xml"
"133",132,"Het parool : -vrij, onverveerd-",1950-02-21,"Advertentie","advertentie","['bami', 'goreng']","http://resolver.kb.nl/resolve?urn=ABCDDD:010829258:mpeg21:a0088","ddd:010829258:mpeg21:a0088","40/Resources66/ABCDDD/010829258/text/DDD_010829258_0088_text.xml"
"134",133,"Het parool : -vrij, onverveerd-",1964-01-16,"Advertentie","advertentie","['bami', 'goreng']","http://resolver.kb.nl/resolve?urn=ABCDDD:010836754:mpeg21:a0083","ddd:010836754:mpeg21:a0083","40/Resources71/ABCDDD/010836754/text/DDD_010836754_0083_text.xml"
"135",134,"Het parool : -vrij, onverveerd-",1958-03-15,"Bami goreng speciaal","artikel","['bami', 'goreng']","http://resolver.kb.nl/resolve?urn=ABCDDD:010840969:mpeg21:a0312","ddd:010840969:mpeg21:a0312","40/Resources72/ABCDDD/010840969/text/DDD_010840969_0312_text.xml"
"136",135,"Het parool : -vrij, onverveerd-",1977-09-07,"Advertentie","advertentie","['bami', 'goreng']","http://resolver.kb.nl/resolve?urn=ABCDDD:010839615:mpeg21:a0036","ddd:010839615:mpeg21:a0036","40/Resources71/ABCDDD/010839615/text/DDD_010839615_0036_text.xml"
"137",136,"Het parool : -vrij, onverveerd-",1979-03-14,"Contrasten","artikel","['bami', 'nasi', 'goreng']","http://resolver.kb.nl/resolve?urn=ABCDDD:010841118:mpeg21:a0310","ddd:010841118:mpeg21:a0310","40/Resources71/ABCDDD/010841118/text/DDD_010841118_0310_text.xml"
"138",137,"NRC Handelsblad",1973-11-09,"Advertentie","advertentie","['bami', 'nasi', 'goreng']","http://resolver.kb.nl/resolve?urn=KBNRC01:000031664:mpeg21:a0252","KBNRC01:000031664:mpeg21:a0252","40/Resources65/KBNRC01/000031664/text/KBNRC01_000031664_0252_text.xml"
"139",138,"NRC Handelsblad",1980-12-22,"ekkage ellicht fdood","artikel","['bami', 'nasi', 'goreng']","http://resolver.kb.nl/resolve?urn=KBNRC01:000026873:mpeg21:a0001","KBNRC01:000026873:mpeg21:a0001","40/Resources65/KBNRC01/000026873/text/KBNRC01_000026873_0001_text.xml"
"140",139,"NRC Handelsblad",1980-12-22,"ekkage ellicht fdood","artikel","['bami', 'nasi', 'goreng']","http://resolver.kb.nl/resolve?urn=KBNRC01:000026873:mpeg21:a0001","KBNRC01:000026873:mpeg21:a0001","40/Resources65/KBNRC01/000026873/text/KBNRC01_000026873_0001_text.xml"
"141",140,"NRC Handelsblad",1980-12-22,"Twee vrouwen verliezen leven door nitriet in nasi","artikel","['nasi', 'goreng']","http://resolver.kb.nl/resolve?urn=KBNRC01:000026873:mpeg21:a0033","KBNRC01:000026873:mpeg21:a0033","40/Resources65/KBNRC01/000026873/text/KBNRC01_000026873_0033_text.xml"
"142",141,"NRC Handelsblad",1980-12-22,"'Eerder alarm slaan onmogelijk geweest'","artikel","['nasi']","http://resolver.kb.nl/resolve?urn=KBNRC01:000026873:mpeg21:a0034","KBNRC01:000026873:mpeg21:a0034","40/Resources65/KBNRC01/000026873/text/KBNRC01_000026873_0034_text.xml"
"143",142,"NRC Handelsblad",1980-12-22,"In Almere gooit een winkelier verdachte pakken nasi zonder pardon in de vuilniscontainer. (foto Friedländer)","illustratie met onderschrift","['nasi']","http://resolver.kb.nl/resolve?urn=KBNRC01:000026873:mpeg21:a0036","KBNRC01:000026873:mpeg21:a0036","40/Resources65/KBNRC01/000026873/text/KBNRC01_000026873_0036_text.xml"
"144",143,"NRC Handelsblad",1980-12-22,"Unilever blaast groot alarm op melding nitriet","artikel","['bami', 'nasi', 'goreng']","http://resolver.kb.nl/resolve?urn=KBNRC01:000026873:mpeg21:a0039","KBNRC01:000026873:mpeg21:a0039","40/Resources65/KBNRC01/000026873/text/KBNRC01_000026873_0039_text.xml"
"145",144,"De Volkskrant",1968-01-18,"Advertentie","advertentie","['bami', 'goreng']","http://resolver.kb.nl/resolve?urn=ABCDDD:010848656:mpeg21:a0062","ddd:010848656:mpeg21:a0062","40/Resources72/ABCDDD/010848656/text/DDD_010848656_0062_text.xml"
"146",145,"De Volkskrant",1968-02-15,"Advertentie","advertentie","['bami', 'goreng']","http://resolver.kb.nl/resolve?urn=ABCDDD:010848680:mpeg21:a0046","ddd:010848680:mpeg21:a0046","40/Resources72/ABCDDD/010848680/text/DDD_010848680_0046_text.xml"
"147",146,"De Volkskrant",1968-02-15,"Advertentie","advertentie","['nasi', 'goreng']","http://resolver.kb.nl/resolve?urn=ABCDDD:010848680:mpeg21:a0084","ddd:010848680:mpeg21:a0084","40/Resources72/ABCDDD/010848680/text/DDD_010848680_0084_text.xml"
"148",147,"De Volkskrant",1970-05-08,"Advertentie","advertentie","['nasi', 'goreng']","http://resolver.kb.nl/resolve?urn=ABCDDD:010848392:mpeg21:a0048","ddd:010848392:mpeg21:a0048","40/Resources71/ABCDDD/010848392/text/DDD_010848392_0048_text.xml"
"149",148,"De Volkskrant",1970-05-08,"Advertentie","advertentie","['bami', 'nasi', 'goreng']","http://resolver.kb.nl/resolve?urn=ABCDDD:010848392:mpeg21:a0079","ddd:010848392:mpeg21:a0079","40/Resources71/ABCDDD/010848392/text/DDD_010848392_0079_text.xml"
"150",149,"De Volkskrant",1950-05-15,"Advertentie","advertentie","['bami', 'goreng']","http://resolver.kb.nl/resolve?urn=ABCDDD:010844349:mpeg21:a0054","ddd:010844349:mpeg21:a0054","40/Resources71/ABCDDD/010844349/text/DDD_010844349_0054_text.xml"
"151",150,"De Volkskrant",1983-05-09,"Koppigheid","artikel","['bami', 'goreng']","http://resolver.kb.nl/resolve?urn=ABCDDD:010878518:mpeg21:a0097","ddd:010878518:mpeg21:a0097","40/Resources71/ABCDDD/010878518/text/DDD_010878518_0097_text.xml"
"152",151,"De Volkskrant",1962-12-10,"Advertentie","advertentie","['bami', 'nasi', 'goreng']","http://resolver.kb.nl/resolve?urn=ABCDDD:010876472:mpeg21:a0033","ddd:010876472:mpeg21:a0033","40/Resources71/ABCDDD/010876472/text/DDD_010876472_0033_text.xml"
"153",152,"De Volkskrant",1994-04-07,"KOKEN REDACTIE: LIEKE SCHLICHTE BERGEN Soep met ei","artikel","['bami', 'goreng']","http://resolver.kb.nl/resolve?urn=ABCDDD:010866694:mpeg21:a0245","ddd:010866694:mpeg21:a0245","40/Resources71/ABCDDD/010866694/text/DDD_010866694_0245_text.xml"
"154",153,"Trouw",1990-07-10,"RECEPT OOSTERS Eieren in pikante saus","artikel","['bami', 'nasi', 'goreng']","http://resolver.kb.nl/resolve?urn=ABCDDD:010825180:mpeg21:a0215","ddd:010825180:mpeg21:a0215","40/Resources72/ABCDDD/010825180/text/DDD_010825180_0215_text.xml"
"155",154,"Trouw",1968-06-29,"SOJABONEN","artikel","['bami', 'goreng', 'nassi']","http://resolver.kb.nl/resolve?urn=ABCDDD:010814109:mpeg21:a0306","ddd:010814109:mpeg21:a0306","40/Resources66/ABCDDD/010814109/text/DDD_010814109_0306_text.xml"
"156",155,"Het parool : -vrij, onverveerd-",1956-11-10,"Advertentie","advertentie","['bami', 'nasi', 'goreng']","http://resolver.kb.nl/resolve?urn=ABCDDD:010832326:mpeg21:a0086","ddd:010832326:mpeg21:a0086","40/Resources71/ABCDDD/010832326/text/DDD_010832326_0086_text.xml"
"157",156,"Het parool : -vrij, onverveerd-",1979-08-29,"Losse gerechten","artikel","['goreng']","http://resolver.kb.nl/resolve?urn=ABCDDD:010847679:mpeg21:a0262","ddd:010847679:mpeg21:a0262","40/Resources71/ABCDDD/010847679/text/DDD_010847679_0262_text.xml"
"158",157,"Het parool : -vrij, onverveerd-",1979-08-29,"Gele rijst","artikel","['bami', 'nasi', 'goreng']","http://resolver.kb.nl/resolve?urn=ABCDDD:010847679:mpeg21:a0263","ddd:010847679:mpeg21:a0263","40/Resources71/ABCDDD/010847679/text/DDD_010847679_0263_text.xml"
"159",158,"Het parool : -vrij, onverveerd-",1979-08-29,"Ei, ei","artikel","['nasi', 'goreng']","http://resolver.kb.nl/resolve?urn=ABCDDD:010847679:mpeg21:a0264","ddd:010847679:mpeg21:a0264","40/Resources71/ABCDDD/010847679/text/DDD_010847679_0264_text.xml"
"160",159,"Het parool : -vrij, onverveerd-",1979-08-29,"Sambal","artikel","['nasi']","http://resolver.kb.nl/resolve?urn=ABCDDD:010847679:mpeg21:a0265","ddd:010847679:mpeg21:a0265","40/Resources71/ABCDDD/010847679/text/DDD_010847679_0265_text.xml"
"161",160,"Het parool : -vrij, onverveerd-",1979-08-29,"Advertentie","advertentie","['nasi']","http://resolver.kb.nl/resolve?urn=ABCDDD:010847679:mpeg21:a0119","ddd:010847679:mpeg21:a0119","40/Resources71/ABCDDD/010847679/text/DDD_010847679_0119_text.xml"
"162",161,"Het parool : -vrij, onverveerd-",1976-01-07,"Een triller door Henri Knap met de lezer als rechercheur","artikel","['bami']","http://resolver.kb.nl/resolve?urn=ABCDDD:010840502:mpeg21:a0151","ddd:010840502:mpeg21:a0151","40/Resources71/ABCDDD/010840502/text/DDD_010840502_0151_text.xml"
"163",162,"Het parool : -vrij, onverveerd-",1976-01-07,"'Zo Indisch mogelijk'","artikel","['nasi']","http://resolver.kb.nl/resolve?urn=ABCDDD:010840502:mpeg21:a0185","ddd:010840502:mpeg21:a0185","40/Resources71/ABCDDD/010840502/text/DDD_010840502_0185_text.xml"
"164",163,"Het parool : -vrij, onverveerd-",1976-01-07,"Advertentie","advertentie","['bami', 'goreng']","http://resolver.kb.nl/resolve?urn=ABCDDD:010840502:mpeg21:a0035","ddd:010840502:mpeg21:a0035","40/Resources71/ABCDDD/010840502/text/DDD_010840502_0035_text.xml"
"165",164,"Het parool : -vrij, onverveerd-",1976-01-07,"Advertentie","advertentie","['bami', 'goreng']","http://resolver.kb.nl/resolve?urn=ABCDDD:010840502:mpeg21:a0035","ddd:010840502:mpeg21:a0035","40/Resources71/ABCDDD/010840502/text/DDD_010840502_0035_text.xml"
"166",165,"Het parool : -vrij, onverveerd-",1949-03-03,"Over appels en Chinees eten","artikel","['bami', 'goreng']","http://resolver.kb.nl/resolve?urn=ABCDDD:010828856:mpeg21:a0114","ddd:010828856:mpeg21:a0114","40/Resources66/ABCDDD/010828856/text/DDD_010828856_0114_text.xml"
"167",166,"Het parool : -vrij, onverveerd-",1968-08-09,"Advertentie","advertentie","['bami', 'nasi', 'goreng']","http://resolver.kb.nl/resolve?urn=ABCDDD:010838857:mpeg21:a0040","ddd:010838857:mpeg21:a0040","40/Resources71/ABCDDD/010838857/text/DDD_010838857_0040_text.xml"
"168",167,"Het parool : -vrij, onverveerd-",1968-05-30,"Advertentie","advertentie","['bami', 'nasi', 'goreng']","http://resolver.kb.nl/resolve?urn=ABCDDD:010833773:mpeg21:a0095","ddd:010833773:mpeg21:a0095","40/Resources66/ABCDDD/010833773/text/DDD_010833773_0095_text.xml"
"169",168,"Het parool : -vrij, onverveerd-",1955-12-31,"Advertentie","advertentie","['bami', 'goreng', 'nassi']","http://resolver.kb.nl/resolve?urn=ABCDDD:010830050:mpeg21:a0080","ddd:010830050:mpeg21:a0080","40/Resources66/ABCDDD/010830050/text/DDD_010830050_0080_text.xml"
"170",169,"Het parool : -vrij, onverveerd-",1955-10-17,"Advertentie","advertentie","['goreng']","http://resolver.kb.nl/resolve?urn=ABCDDD:010829986:mpeg21:a0075","ddd:010829986:mpeg21:a0075","40/Resources66/ABCDDD/010829986/text/DDD_010829986_0075_text.xml"
"171",170,"Het parool : -vrij, onverveerd-",1955-10-17,"Advertentie","advertentie","['bami']","http://resolver.kb.nl/resolve?urn=ABCDDD:010829986:mpeg21:a0106","ddd:010829986:mpeg21:a0106","40/Resources66/ABCDDD/010829986/text/DDD_010829986_0106_text.xml"
"172",171,"NRC Handelsblad",1991-08-21,"Advertentie","advertentie","['bami', 'nasi', 'goreng']","http://resolver.kb.nl/resolve?urn=KBNRC01:000029850:mpeg21:a0180","KBNRC01:000029850:mpeg21:a0180","40/Resources65/KBNRC01/000029850/text/KBNRC01_000029850_0180_text.xml"
"173",172,"NRC Handelsblad",1991-07-24,"Advertentie","advertentie","['bami', 'nasi', 'goreng']","http://resolver.kb.nl/resolve?urn=KBNRC01:000030024:mpeg21:a0171","KBNRC01:000030024:mpeg21:a0171","40/Resources65/KBNRC01/000030024/text/KBNRC01_000030024_0171_text.xml"
"174",173,"NRC Handelsblad",1973-11-07,"Advertentie","advertentie","['bami', 'nasi', 'goreng']","http://resolver.kb.nl/resolve?urn=KBNRC01:000031662:mpeg21:a0185","KBNRC01:000031662:mpeg21:a0185","40/Resources65/KBNRC01/000031662/text/KBNRC01_000031662_0185_text.xml"
"175",174,"Trouw",1977-09-08,"Advertentie","advertentie","['bami', 'nasi', 'goreng']","http://resolver.kb.nl/resolve?urn=ABCDDD:010827309:mpeg21:a0078","ddd:010827309:mpeg21:a0078","40/Resources66/ABCDDD/010827309/text/DDD_010827309_0078_text.xml"
"176",175,"Het parool : -vrij, onverveerd-",1986-09-24,"Indonesisch, met eetles","artikel","['nasi', 'goreng']","http://resolver.kb.nl/resolve?urn=ABCDDD:010832642:mpeg21:a0264","ddd:010832642:mpeg21:a0264","40/Resources71/ABCDDD/010832642/text/DDD_010832642_0264_text.xml"
"177",176,"De Volkskrant",1966-07-06,"Advertentie","advertentie","['bami', 'goreng']","http://resolver.kb.nl/resolve?urn=ABCDDD:010877788:mpeg21:a0044","ddd:010877788:mpeg21:a0044","40/Resources71/ABCDDD/010877788/text/DDD_010877788_0044_text.xml"
"178",177,"De Volkskrant",1971-08-26,"Advertentie","advertentie","['bami']","http://resolver.kb.nl/resolve?urn=ABCDDD:010848865:mpeg21:a0025","ddd:010848865:mpeg21:a0025","40/Resources71/ABCDDD/010848865/text/DDD_010848865_0025_text.xml"
"179",178,"De Volkskrant",1968-05-09,"Advertentie","advertentie","['bami', 'nasi', 'goreng']","http://resolver.kb.nl/resolve?urn=ABCDDD:010848418:mpeg21:a0066","ddd:010848418:mpeg21:a0066","40/Resources71/ABCDDD/010848418/text/DDD_010848418_0066_text.xml"
"180",179,"De Volkskrant",1968-04-26,"Advertentie","advertentie","['bami', 'nasi', 'goreng']","http://resolver.kb.nl/resolve?urn=ABCDDD:010880348:mpeg21:a0066","ddd:010880348:mpeg21:a0066","40/Resources71/ABCDDD/010880348/text/DDD_010880348_0066_text.xml"
"181",180,"De Volkskrant",1959-12-11,"Advertentie","advertentie","['goreng']","http://resolver.kb.nl/resolve?urn=ABCDDD:010875736:mpeg21:a0071","ddd:010875736:mpeg21:a0071","40/Resources71/ABCDDD/010875736/text/DDD_010875736_0071_text.xml"
"182",181,"De Volkskrant",1962-07-19,"wat eten we","artikel","['bami', 'goreng']","http://resolver.kb.nl/resolve?urn=ABCDDD:010876605:mpeg21:a0189","ddd:010876605:mpeg21:a0189","40/Resources71/ABCDDD/010876605/text/DDD_010876605_0189_text.xml"
"183",182,"De Volkskrant",1963-04-05,"Advertentie","advertentie","['bami', 'nasi', 'goreng']","http://resolver.kb.nl/resolve?urn=ABCDDD:010876291:mpeg21:a0054","ddd:010876291:mpeg21:a0054","40/Resources71/ABCDDD/010876291/text/DDD_010876291_0054_text.xml"
"184",183,"De Volkskrant",1963-04-05,"Advertentie","advertentie","['nassi']","http://resolver.kb.nl/resolve?urn=ABCDDD:010876291:mpeg21:a0150","ddd:010876291:mpeg21:a0150","40/Resources71/ABCDDD/010876291/text/DDD_010876291_0150_text.xml"
"185",184,"De Volkskrant",1985-12-31,"Schimmige rol","artikel","['bami', 'goreng']","http://resolver.kb.nl/resolve?urn=ABCDDD:010878891:mpeg21:a0218","ddd:010878891:mpeg21:a0218","40/Resources71/ABCDDD/010878891/text/DDD_010878891_0218_text.xml"
"186",185,"Trouw",1966-06-01,"Advertentie","advertentie","['bami', 'nasi', 'goreng']","http://resolver.kb.nl/resolve?urn=ABCDDD:010815057:mpeg21:a0083","ddd:010815057:mpeg21:a0083","40/Resources66/ABCDDD/010815057/text/DDD_010815057_0083_text.xml"
"187",186,"Trouw",1975-05-01,"Advertentie","advertentie","['bami', 'goreng']","http://resolver.kb.nl/resolve?urn=ABCDDD:010822669:mpeg21:a0086","ddd:010822669:mpeg21:a0086","40/Resources66/ABCDDD/010822669/text/DDD_010822669_0086_text.xml"
"188",187,"Het parool : -vrij, onverveerd-",1974-02-27,"Advertentie","advertentie","['bami', 'nasi', 'goreng']","http://resolver.kb.nl/resolve?urn=ABCDDD:010837589:mpeg21:a0087","ddd:010837589:mpeg21:a0087","40/Resources71/ABCDDD/010837589/text/DDD_010837589_0087_text.xml"
"189",188,"Het parool : -vrij, onverveerd-",1969-10-07,"Protest tegen erwtensoep van Scheveningse gedetineerden SIT-DOWN STAKING GROEP GEVANGENEN","artikel","['nasi', 'bami', 'goreng']","http://resolver.kb.nl/resolve?urn=ABCDDD:010838058:mpeg21:a0164","ddd:010838058:mpeg21:a0164","40/Resources71/ABCDDD/010838058/text/DDD_010838058_0164_text.xml"
"190",189,"Het parool : -vrij, onverveerd-",1968-05-24,"Advertentie","advertentie","['bami', 'nasi', 'goreng']","http://resolver.kb.nl/resolve?urn=ABCDDD:010833768:mpeg21:a0227","ddd:010833768:mpeg21:a0227","40/Resources66/ABCDDD/010833768/text/DDD_010833768_0227_text.xml"
"191",190,"Het parool : -vrij, onverveerd-",1968-05-24,"Advertentie","advertentie","['bami', 'nasi', 'goreng']","http://resolver.kb.nl/resolve?urn=ABCDDD:010833768:mpeg21:a0292","ddd:010833768:mpeg21:a0292","40/Resources66/ABCDDD/010833768/text/DDD_010833768_0292_text.xml"
"192",191,"Het parool : -vrij, onverveerd-",1968-04-06,"KORT & GOED MES EN VORK Bamboe, amandelen, kip en zoetzuur","artikel","['nasi', 'goreng', 'bami']","http://resolver.kb.nl/resolve?urn=ABCDDD:010833719:mpeg21:a0427","ddd:010833719:mpeg21:a0427","40/Resources66/ABCDDD/010833719/text/DDD_010833719_0427_text.xml"
"193",192,"Het parool : -vrij, onverveerd-",1968-05-10,"Advertentie","advertentie","['bami', 'nasi', 'goreng']","http://resolver.kb.nl/resolve?urn=ABCDDD:010833757:mpeg21:a0270","ddd:010833757:mpeg21:a0270","40/Resources66/ABCDDD/010833757/text/DDD_010833757_0270_text.xml"
"194",193,"Het parool : -vrij, onverveerd-",1974-03-06,"Advertentie","advertentie","['goreng']","http://resolver.kb.nl/resolve?urn=ABCDDD:010837545:mpeg21:a0065","ddd:010837545:mpeg21:a0065","40/Resources71/ABCDDD/010837545/text/DDD_010837545_0065_text.xml"
"195",194,"Het parool : -vrij, onverveerd-",1974-03-06,"Advertentie","advertentie","['nasi']","http://resolver.kb.nl/resolve?urn=ABCDDD:010837545:mpeg21:a0121","ddd:010837545:mpeg21:a0121","40/Resources71/ABCDDD/010837545/text/DDD_010837545_0121_text.xml"
"196",195,"Het parool : -vrij, onverveerd-",1982-04-17,"Het oneetbare op ons bord Kreeftjes en steranijs alleen voor de sier?","artikel","['bami', 'goreng']","http://resolver.kb.nl/resolve?urn=ABCDDD:010846985:mpeg21:a0260","ddd:010846985:mpeg21:a0260","40/Resources71/ABCDDD/010846985/text/DDD_010846985_0260_text.xml"
"197",196,"NRC Handelsblad",1975-04-30,"Advertentie","advertentie","['bami', 'goreng']","http://resolver.kb.nl/resolve?urn=KBNRC01:000032725:mpeg21:a0159","KBNRC01:000032725:mpeg21:a0159","40/Resources65/KBNRC01/000032725/text/KBNRC01_000032725_0159_text.xml"
"198",197,"NRC Handelsblad",1975-01-29,"Advertentie","advertentie","['bami', 'goreng']","http://resolver.kb.nl/resolve?urn=KBNRC01:000032648:mpeg21:a0171","KBNRC01:000032648:mpeg21:a0171","40/Resources67/KBNRC01/000032648/text/KBNRC01_000032648_0171_text.xml"
"199",198,"Het parool : -vrij, onverveerd-",1978-01-25,"Tempo Doeloe","artikel","['nasi']","http://resolver.kb.nl/resolve?urn=ABCDDD:010839517:mpeg21:a0298","ddd:010839517:mpeg21:a0298","40/Resources71/ABCDDD/010839517/text/DDD_010839517_0298_text.xml"
"200",199,"Het parool : -vrij, onverveerd-",1978-01-25,"Tween heimwee","artikel","['klappertaart', 'goreng']","http://resolver.kb.nl/resolve?urn=ABCDDD:010839517:mpeg21:a0299","ddd:010839517:mpeg21:a0299","40/Resources71/ABCDDD/010839517/text/DDD_010839517_0299_text.xml"
"201",200,"Het parool : -vrij, onverveerd-",1978-01-25,"Portugese wijn","artikel","['nasi']","http://resolver.kb.nl/resolve?urn=ABCDDD:010839517:mpeg21:a0302","ddd:010839517:mpeg21:a0302","40/Resources71/ABCDDD/010839517/text/DDD_010839517_0302_text.xml"
"202",201,"De Volkskrant",1995-08-10,"Advertentie","advertentie","['bami', 'goreng']","http://resolver.kb.nl/resolve?urn=ABCDDD:010870937:mpeg21:a0059","ddd:010870937:mpeg21:a0059","40/Resources71/ABCDDD/010870937/text/DDD_010870937_0059_text.xml"
"203",202,"De Volkskrant",1966-06-01,"Advertentie","advertentie","['bami', 'goreng']","http://resolver.kb.nl/resolve?urn=ABCDDD:010877861:mpeg21:a0043","ddd:010877861:mpeg21:a0043","40/Resources71/ABCDDD/010877861/text/DDD_010877861_0043_text.xml"
"204",203,"De Volkskrant",1980-12-22,"Maaltijden uit zelfde supermarkt","artikel","['nasi', 'bami', 'goreng']","http://resolver.kb.nl/resolve?urn=ABCDDD:010880114:mpeg21:a0001","ddd:010880114:mpeg21:a0001","40/Resources71/ABCDDD/010880114/text/DDD_010880114_0001_text.xml"
"205",204,"De Volkskrant",1980-12-22,"Nitriet eist twee slachtoffers OPZET VERMOED BIJ GIFTIGE NASI","artikel","['nasi', 'goreng']","http://resolver.kb.nl/resolve?urn=ABCDDD:010880114:mpeg21:a0037","ddd:010880114:mpeg21:a0037","40/Resources71/ABCDDD/010880114/text/DDD_010880114_0037_text.xml"
"206",205,"De Volkskrant",1980-12-22,"Maaltijden uit zelfde supermarkt","artikel","['nasi', 'bami', 'goreng']","http://resolver.kb.nl/resolve?urn=ABCDDD:010880114:mpeg21:a0001","ddd:010880114:mpeg21:a0001","40/Resources71/ABCDDD/010880114/text/DDD_010880114_0001_text.xml"
"207",206,"De Volkskrant",1980-12-22,"Planta-affaire","artikel","['nasi']","http://resolver.kb.nl/resolve?urn=ABCDDD:010880114:mpeg21:a0061","ddd:010880114:mpeg21:a0061","40/Resources71/ABCDDD/010880114/text/DDD_010880114_0061_text.xml"
"208",207,"Trouw",1991-08-22,"Advertentie","advertentie","['bami', 'nasi', 'goreng']","http://resolver.kb.nl/resolve?urn=ABCDDD:010824369:mpeg21:a0103","ddd:010824369:mpeg21:a0103","40/Resources66/ABCDDD/010824369/text/DDD_010824369_0103_text.xml"
"209",208,"Het parool : -vrij, onverveerd-",1956-04-09,"AMSTERDAMS DAGBOEK Uitsmijter","artikel","['bami', 'goreng', 'nassi']","http://resolver.kb.nl/resolve?urn=ABCDDD:010830418:mpeg21:a0130","ddd:010830418:mpeg21:a0130","40/Resources66/ABCDDD/010830418/text/DDD_010830418_0130_text.xml"
"210",209,"Het parool : -vrij, onverveerd-",1978-06-28,"Advertentie","advertentie","['bami', 'nasi', 'goreng']","http://resolver.kb.nl/resolve?urn=ABCDDD:010841620:mpeg21:a0022","ddd:010841620:mpeg21:a0022","40/Resources71/ABCDDD/010841620/text/DDD_010841620_0022_text.xml"
"211",210,"Het parool : -vrij, onverveerd-",1968-07-18,"Advertentie","advertentie","['bami', 'nasi', 'goreng']","http://resolver.kb.nl/resolve?urn=ABCDDD:010833664:mpeg21:a0076","ddd:010833664:mpeg21:a0076","40/Resources66/ABCDDD/010833664/text/DDD_010833664_0076_text.xml"
"212",211,"Het parool : -vrij, onverveerd-",1966-10-01,"Advertentie","advertentie","['bami', 'nasi', 'goreng']","http://resolver.kb.nl/resolve?urn=ABCDDD:010835750:mpeg21:a0339","ddd:010835750:mpeg21:a0339","40/Resources71/ABCDDD/010835750/text/DDD_010835750_0339_text.xml"
"213",212,"Het parool : -vrij, onverveerd-",1971-07-06,"Advertentie","advertentie","['bami', 'nasi', 'goreng']","http://resolver.kb.nl/resolve?urn=ABCDDD:010836252:mpeg21:a0011","ddd:010836252:mpeg21:a0011","40/Resources71/ABCDDD/010836252/text/DDD_010836252_0011_text.xml"
"214",213,"Het parool : -vrij, onverveerd-",1971-07-06,"In 't Kloppertje doet Win alles Zelf","artikel","['bami', 'nassi']","http://resolver.kb.nl/resolve?urn=ABCDDD:010836252:mpeg21:a0236","ddd:010836252:mpeg21:a0236","40/Resources71/ABCDDD/010836252/text/DDD_010836252_0236_text.xml"
"215",214,"Het parool : -vrij, onverveerd-",1955-10-27,"Advertentie","advertentie","['goreng']","http://resolver.kb.nl/resolve?urn=ABCDDD:010829995:mpeg21:a0169","ddd:010829995:mpeg21:a0169","40/Resources66/ABCDDD/010829995/text/DDD_010829995_0169_text.xml"
"216",215,"Het parool : -vrij, onverveerd-",1971-04-22,"Advertentie","advertentie","['bami']","http://resolver.kb.nl/resolve?urn=ABCDDD:010836369:mpeg21:a0078","ddd:010836369:mpeg21:a0078","40/Resources71/ABCDDD/010836369/text/DDD_010836369_0078_text.xml"
"217",216,"NRC Handelsblad",1975-04-28,"onder de keizerskroon Het goede mengsel kruiden","artikel","['klappertaart']","http://resolver.kb.nl/resolve?urn=KBNRC01:000032723:mpeg21:a0029","KBNRC01:000032723:mpeg21:a0029","40/Resources65/KBNRC01/000032723/text/KBNRC01_000032723_0029_text.xml"
"218",217,"De Volkskrant",1973-05-24,"Advertentie","advertentie","['bami', 'nasi', 'goreng']","http://resolver.kb.nl/resolve?urn=ABCDDD:010849587:mpeg21:a0086","ddd:010849587:mpeg21:a0086","40/Resources71/ABCDDD/010849587/text/DDD_010849587_0086_text.xml"
"219",218,"De Volkskrant",1973-05-24,"Advertentie","advertentie","['bami', 'nasi', 'goreng']","http://resolver.kb.nl/resolve?urn=ABCDDD:010849587:mpeg21:a0087","ddd:010849587:mpeg21:a0087","40/Resources71/ABCDDD/010849587/text/DDD_010849587_0087_text.xml"
"220",219,"Het parool : -vrij, onverveerd-",1973-05-23,"Advertentie","advertentie","['bami', 'nasi', 'goreng']","http://resolver.kb.nl/resolve?urn=ABCDDD:010839319:mpeg21:a0051","ddd:010839319:mpeg21:a0051","40/Resources71/ABCDDD/010839319/text/DDD_010839319_0051_text.xml"
"221",220,"Het parool : -vrij, onverveerd-",1973-05-23,"Advertentie","advertentie","['nasi']","http://resolver.kb.nl/resolve?urn=ABCDDD:010839319:mpeg21:a0052","ddd:010839319:mpeg21:a0052","40/Resources71/ABCDDD/010839319/text/DDD_010839319_0052_text.xml"
"222",221,"Het parool : -vrij, onverveerd-",1969-11-01,"Advertentie","advertentie","['bami', 'nasi', 'goreng']","http://resolver.kb.nl/resolve?urn=ABCDDD:010837775:mpeg21:a0059","ddd:010837775:mpeg21:a0059","40/Resources71/ABCDDD/010837775/text/DDD_010837775_0059_text.xml"
"223",222,"NRC Handelsblad",1993-05-12,"Advertentie","advertentie","['bami', 'nasi', 'goreng']","http://resolver.kb.nl/resolve?urn=KBNRC01:000031168:mpeg21:a0220","KBNRC01:000031168:mpeg21:a0220","40/Resources65/KBNRC01/000031168/text/KBNRC01_000031168_0220_text.xml"
"224",223,"NRC Handelsblad",1989-01-14,"OVERPEINZINGEN","artikel","['bami', 'goreng']","http://resolver.kb.nl/resolve?urn=KBNRC01:000043904:mpeg21:a0202","KBNRC01:000043904:mpeg21:a0202","40/Resources65/KBNRC01/000043904/text/KBNRC01_000043904_0202_text.xml"
"225",224,"De Volkskrant",1955-10-19,"Advertentie","advertentie","['bami', 'goreng']","http://resolver.kb.nl/resolve?urn=ABCDDD:010842718:mpeg21:a0049","ddd:010842718:mpeg21:a0049","40/Resources72/ABCDDD/010842718/text/DDD_010842718_0049_text.xml"
"226",225,"De Volkskrant",1955-10-19,"Advertentie","advertentie","['bami']","http://resolver.kb.nl/resolve?urn=ABCDDD:010842718:mpeg21:a0069","ddd:010842718:mpeg21:a0069","40/Resources72/ABCDDD/010842718/text/DDD_010842718_0069_text.xml"
"227",226,"De Volkskrant",1993-05-13,"Advertentie","advertentie","['bami', 'nasi', 'goreng']","http://resolver.kb.nl/resolve?urn=ABCDDD:010866312:mpeg21:a0111","ddd:010866312:mpeg21:a0111","40/Resources71/ABCDDD/010866312/text/DDD_010866312_0111_text.xml"
"228",227,"De Volkskrant",1968-07-11,"Advertentie","advertentie","['bami', 'goreng']","http://resolver.kb.nl/resolve?urn=ABCDDD:010880256:mpeg21:a0064","ddd:010880256:mpeg21:a0064","40/Resources71/ABCDDD/010880256/text/DDD_010880256_0064_text.xml"
"229",228,"De Volkskrant",1968-04-19,"Advertentie","advertentie","['bami', 'nasi', 'goreng']","http://resolver.kb.nl/resolve?urn=ABCDDD:010880342:mpeg21:a0119","ddd:010880342:mpeg21:a0119","40/Resources71/ABCDDD/010880342/text/DDD_010880342_0119_text.xml"
"230",229,"Trouw",1968-04-19,"Advertentie","advertentie","['bami', 'nasi', 'goreng']","http://resolver.kb.nl/resolve?urn=ABCDDD:010814052:mpeg21:a0092","ddd:010814052:mpeg21:a0092","40/Resources66/ABCDDD/010814052/text/DDD_010814052_0092_text.xml"
"231",230,"Trouw",1974-11-07,"Dagrecept Sinaaasappelsie","artikel","['goreng', 'nassi']","http://resolver.kb.nl/resolve?urn=ABCDDD:010823614:mpeg21:a0132","ddd:010823614:mpeg21:a0132","40/Resources66/ABCDDD/010823614/text/DDD_010823614_0132_text.xml"
"232",231,"Trouw",1974-11-07,"Advertentie","advertentie","['bami', 'goreng']","http://resolver.kb.nl/resolve?urn=ABCDDD:010823614:mpeg21:a0071","ddd:010823614:mpeg21:a0071","40/Resources66/ABCDDD/010823614/text/DDD_010823614_0071_text.xml"
"233",232,"Trouw",1993-05-13,"Advertentie","advertentie","['bami', 'nasi', 'goreng']","http://resolver.kb.nl/resolve?urn=ABCDDD:010821713:mpeg21:a0111","ddd:010821713:mpeg21:a0111","40/Resources66/ABCDDD/010821713/text/DDD_010821713_0111_text.xml"
"234",233,"Het parool : -vrij, onverveerd-",1984-10-24,"Ver weg voor lekker Indisch UIT ETEN EN DRINKEN","artikel","['bami', 'nasi', 'goreng']","http://resolver.kb.nl/resolve?urn=ABCDDD:010833076:mpeg21:a0278","ddd:010833076:mpeg21:a0278","40/Resources71/ABCDDD/010833076/text/DDD_010833076_0278_text.xml"
"235",234,"Het parool : -vrij, onverveerd-",1960-10-14,"Advertentie","advertentie","['bami', 'goreng', 'nassi']","http://resolver.kb.nl/resolve?urn=ABCDDD:010838826:mpeg21:a0123","ddd:010838826:mpeg21:a0123","40/Resources71/ABCDDD/010838826/text/DDD_010838826_0123_text.xml"
"236",235,"Het parool : -vrij, onverveerd-",1976-02-11,"Advertentie","advertentie","['bami', 'nasi', 'goreng']","http://resolver.kb.nl/resolve?urn=ABCDDD:010840432:mpeg21:a0058","ddd:010840432:mpeg21:a0058","40/Resources71/ABCDDD/010840432/text/DDD_010840432_0058_text.xml"
"237",236,"Het parool : -vrij, onverveerd-",1975-10-15,"Eenvoudig, maar toch heel goed","artikel","['bami', 'nasi', 'goreng']","http://resolver.kb.nl/resolve?urn=ABCDDD:010840586:mpeg21:a0298","ddd:010840586:mpeg21:a0298","40/Resources71/ABCDDD/010840586/text/DDD_010840586_0298_text.xml"
"238",237,"Het parool : -vrij, onverveerd-",1974-10-25,"UIT Vergeetachtige Chinees","artikel","['nasi', 'goreng', 'bami']","http://resolver.kb.nl/resolve?urn=ABCDDD:010840210:mpeg21:a0275","ddd:010840210:mpeg21:a0275","40/Resources71/ABCDDD/010840210/text/DDD_010840210_0275_text.xml"
"239",238,"Het parool : -vrij, onverveerd-",1995-03-30,"PROEFWERK Te vriendelijk voor de smaakpapillen","artikel","['bami', 'nasi', 'goreng']","http://resolver.kb.nl/resolve?urn=ABCDDD:010842137:mpeg21:a0219","ddd:010842137:mpeg21:a0219","40/Resources71/ABCDDD/010842137/text/DDD_010842137_0219_text.xml"
"240",239,"Het parool : -vrij, onverveerd-",1995-06-22,"PROEFWERK Met uitschieters naar boven","artikel","['nasi', 'goreng', 'bami']","http://resolver.kb.nl/resolve?urn=ABCDDD:010842079:mpeg21:a0192","ddd:010842079:mpeg21:a0192","40/Resources71/ABCDDD/010842079/text/DDD_010842079_0192_text.xml"
"241",240,"Het parool : -vrij, onverveerd-",1973-06-01,"Vertederende taal van King Wah","artikel","['bami', 'goreng']","http://resolver.kb.nl/resolve?urn=ABCDDD:010839225:mpeg21:a0276","ddd:010839225:mpeg21:a0276","40/Resources71/ABCDDD/010839225/text/DDD_010839225_0276_text.xml"
"242",241,"Het parool : -vrij, onverveerd-",1968-04-19,"Advertentie","advertentie","['bami', 'nasi', 'goreng']","http://resolver.kb.nl/resolve?urn=ABCDDD:010833709:mpeg21:a0161","ddd:010833709:mpeg21:a0161","40/Resources66/ABCDDD/010833709/text/DDD_010833709_0161_text.xml"
"243",242,"Het parool : -vrij, onverveerd-",1968-04-19,"Advertentie","advertentie","['bami']","http://resolver.kb.nl/resolve?urn=ABCDDD:010833709:mpeg21:a0235","ddd:010833709:mpeg21:a0235","40/Resources66/ABCDDD/010833709/text/DDD_010833709_0235_text.xml"
"244",243,"Het parool : -vrij, onverveerd-",1976-09-29,"Uitstekende Chinees in Amstelveen","artikel","['bami', 'nasi', 'goreng']","http://resolver.kb.nl/resolve?urn=ABCDDD:010840165:mpeg21:a0293","ddd:010840165:mpeg21:a0293","40/Resources71/ABCDDD/010840165/text/DDD_010840165_0293_text.xml"
"245",244,"Het parool : -vrij, onverveerd-",1993-11-24,"PROEFWERK Gezellig, gezellig","artikel","['bami', 'nasi', 'goreng']","http://resolver.kb.nl/resolve?urn=ABCDDD:010842341:mpeg21:a0223","ddd:010842341:mpeg21:a0223","40/Resources71/ABCDDD/010842341/text/DDD_010842341_0223_text.xml"
"246",245,"Het parool : -vrij, onverveerd-",1993-11-24,"BUITENLANDSE TELEVISIE","artikel","['nasi']","http://resolver.kb.nl/resolve?urn=ABCDDD:010842341:mpeg21:a0229","ddd:010842341:mpeg21:a0229","40/Resources71/ABCDDD/010842341/text/DDD_010842341_0229_text.xml"
"247",246,"Het parool : -vrij, onverveerd-",1993-07-21,"PROEFWERK Wij willen rendang","artikel","['bami', 'nasi', 'goreng']","http://resolver.kb.nl/resolve?urn=ABCDDD:010842442:mpeg21:a0170","ddd:010842442:mpeg21:a0170","40/Resources71/ABCDDD/010842442/text/DDD_010842442_0170_text.xml"
"248",247,"Het parool : -vrij, onverveerd-",1955-10-25,"Advertentie","advertentie","['goreng']","http://resolver.kb.nl/resolve?urn=ABCDDD:010829993:mpeg21:a0087","ddd:010829993:mpeg21:a0087","40/Resources66/ABCDDD/010829993/text/DDD_010829993_0087_text.xml"
"249",248,"Het parool : -vrij, onverveerd-",1955-10-19,"Advertentie","advertentie","['goreng']","http://resolver.kb.nl/resolve?urn=ABCDDD:010829988:mpeg21:a0073","ddd:010829988:mpeg21:a0073","40/Resources66/ABCDDD/010829988/text/DDD_010829988_0073_text.xml"
"250",249,"Het parool : -vrij, onverveerd-",1993-05-12,"Advertentie","advertentie","['bami', 'nasi', 'goreng']","http://resolver.kb.nl/resolve?urn=ABCDDD:010842485:mpeg21:a0090","ddd:010842485:mpeg21:a0090","40/Resources71/ABCDDD/010842485/text/DDD_010842485_0090_text.xml"
"251",250,"Het parool : -vrij, onverveerd-",1964-04-08,"Advertentie","advertentie","['bami', 'nasi', 'goreng']","http://resolver.kb.nl/resolve?urn=ABCDDD:010836682:mpeg21:a0137","ddd:010836682:mpeg21:a0137","40/Resources71/ABCDDD/010836682/text/DDD_010836682_0137_text.xml"
"252",251,"Het parool : -vrij, onverveerd-",1954-12-17,"Advertentie","advertentie","['goreng']","http://resolver.kb.nl/resolve?urn=ABCDDD:010834718:mpeg21:a0117","ddd:010834718:mpeg21:a0117","40/Resources71/ABCDDD/010834718/text/DDD_010834718_0117_text.xml"
"253",252,"De Volkskrant",1955-10-18,"Advertentie","advertentie","['bami', 'goreng']","http://resolver.kb.nl/resolve?urn=ABCDDD:010842717:mpeg21:a0049","ddd:010842717:mpeg21:a0049","40/Resources72/ABCDDD/010842717/text/DDD_010842717_0049_text.xml"
"254",253,"Trouw",1965-06-23,"„CHINEES ETEN” IN TREK (1) In de rij voor BAMI","artikel","['bami', 'goreng', 'nassi']","http://resolver.kb.nl/resolve?urn=ABCDDD:010816237:mpeg21:a0172","ddd:010816237:mpeg21:a0172","40/Resources66/ABCDDD/010816237/text/DDD_010816237_0172_text.xml"
"255",254,"Trouw",1965-06-26,"CHINEES ETEN IN TREK (2) GOEDKOOP DINER","artikel","['bami', 'goreng', 'nassi']","http://resolver.kb.nl/resolve?urn=ABCDDD:010816240:mpeg21:a0317","ddd:010816240:mpeg21:a0317","40/Resources66/ABCDDD/010816240/text/DDD_010816240_0317_text.xml"
"256",255,"Het parool : -vrij, onverveerd-",1986-07-09,"Krontjong en uitzicht op de Munt UIT ETEN EN DRINKEN","artikel","['nasi', 'goreng', 'bami']","http://resolver.kb.nl/resolve?urn=ABCDDD:010831792:mpeg21:a0256","ddd:010831792:mpeg21:a0256","40/Resources71/ABCDDD/010831792/text/DDD_010831792_0256_text.xml"
"257",256,"Het parool : -vrij, onverveerd-",1986-07-09,"De Grote Dag en heel Amsterdam is getuige","artikel","['bami']","http://resolver.kb.nl/resolve?urn=ABCDDD:010831792:mpeg21:a0293","ddd:010831792:mpeg21:a0293","40/Resources71/ABCDDD/010831792/text/DDD_010831792_0293_text.xml"
"258",257,"NRC Handelsblad",1991-02-20,"Advertentie","advertentie","['bami', 'nasi', 'goreng']","http://resolver.kb.nl/resolve?urn=KBNRC01:000030371:mpeg21:a0086","KBNRC01:000030371:mpeg21:a0086","40/Resources65/KBNRC01/000030371/text/KBNRC01_000030371_0086_text.xml"
"259",258,"De Volkskrant",1957-11-23,"Advertentie","advertentie","['bami', 'nasi', 'goreng']","http://resolver.kb.nl/resolve?urn=ABCDDD:010877345:mpeg21:a0131","ddd:010877345:mpeg21:a0131","40/Resources71/ABCDDD/010877345/text/DDD_010877345_0131_text.xml"
"260",259,"Trouw",1991-02-21,"Advertentie","advertentie","['bami', 'nasi', 'goreng']","http://resolver.kb.nl/resolve?urn=ABCDDD:010824726:mpeg21:a0086","ddd:010824726:mpeg21:a0086","40/Resources72/ABCDDD/010824726/text/DDD_010824726_0086_text.xml"
"261",260,"Het parool : -vrij, onverveerd-",1975-02-28,"Advertentie","advertentie","['bami', 'goreng']","http://resolver.kb.nl/resolve?urn=ABCDDD:010839650:mpeg21:a0163","ddd:010839650:mpeg21:a0163","40/Resources72/ABCDDD/010839650/text/DDD_010839650_0163_text.xml"
"262",261,"Het parool : -vrij, onverveerd-",1991-02-20,"Advertentie","advertentie","['bami', 'nasi', 'goreng']","http://resolver.kb.nl/resolve?urn=ABCDDD:010833409:mpeg21:a0114","ddd:010833409:mpeg21:a0114","40/Resources66/ABCDDD/010833409/text/DDD_010833409_0114_text.xml"
"263",262,"NRC Handelsblad",1978-07-29,"HOLLANDS DAGBOEK Piet Schreuders","artikel","['bami', 'goreng']","http://resolver.kb.nl/resolve?urn=KBNRC01:000026449:mpeg21:a0178","KBNRC01:000026449:mpeg21:a0178","40/Resources65/KBNRC01/000026449/text/KBNRC01_000026449_0178_text.xml"
